Sequence,Class,Prediction,RFSimilarity,TreeVariance,WeighedSum
IRLLKLVIKIVRAVVRIGRAVARAA,hel,0.580666666667,0.107150927088,0.967553282236,0.722272858852
GKAVKVAVKIARLILKVIK,hel,0.618,0.124570104977,0.930860133217,0.716451394352
AIAKLLRAALRAGKLVVKLIKVILKVV,hel,0.639333333333,0.125475493506,0.907310798772,0.716399430933
GKVVKAGIKVA,hel,0.556571428571,0.109543285936,0.983157201431,0.716015179783
VLRAVKAAAKAGKVGVR,hel,0.56,0.115114118749,0.983196827959,0.715008495776
ARGGKVVAKVLRLLARALKLGV,hel,0.636,0.131029284763,0.913669036094,0.714975817892
IAKAIKIGLKALKVIAKL,hel,0.589,0.124899426991,0.956027032279,0.71280990188
IAAKGLKAGGKLLKGALKIIKIGIKAG,hel,0.621666666667,0.131499520548,0.925461854891,0.712715365677
GLLRAVKVAVKI,hel,0.6274,0.133229714283,0.918174339922,0.711623117476
RVAKGAIKIVRVVIRVVKAVGKAAKG,hel,0.651333333333,0.134115889534,0.891030392084,0.711431195891
