Sequence,Class,Prediction,RFSimilarity,TreeVariance,WeighedSum
GGARGAKGGA,hel,0.636,0.0304846480449,0.993420948728,0.799568430373
LLRVIKVVLKAARGA,hel,0.694,0.0715643849339,0.955144678211,0.790395168396
GKAYAKGAKAYAKAGKGWGKG,asy,0.59,0.0368536654469,0.999492357155,0.776328700104
AKAYAKAGKGFGKG,asy,0.624,0.0753983192323,0.997075977212,0.772949062192
AVVRGARVGARAGKGVVKALRLVV,hel,0.564,0.0821020707323,0.981837953843,0.732613512355
AKAFAKAGKGYGKG,asy,0.571,0.0836490979346,0.975430689025,0.732418395895
VVVKAVKAAGKA,hel,0.575133333333,0.0804913856271,0.964711928659,0.731097131062
IGKLLKVALKVA,hel,0.669666666667,0.0886824722494,0.868168986744,0.730422140668
KAARGGAKVAKVVVKVAKIVAKVLRIL,hel,0.6092,0.0995392880979,0.944996668887,0.730066186606
GKGAKGGAK,hel,0.54,0.99290545072,0.729175136622