Sequence,Class,Prediction,RFSimilarity,TreeVariance,WeighedSum
KLGKAIIKILKGLLKALRAAIKGA,hel,0.96,0.377660840438,0.0581993626378,0.498109871216
RVAKLLGKILKAALKLAKVGGKI,hel,0.9495,0.340445578796,0.0990348323809,0.507409430775
GLKIAKLIVKLIKGVARALKGAL,hel,0.935333333333,0.35202887497,0.150066960621,0.516286195318
GVRLLKLAGKLGKGLAKIIKAIIR,hel,0.9312,0.472644283172,0.170301055742,0.510504617664
LAAKLGKILARVLRGVLKIAK,hel,0.930333333333,0.484958850126,0.171557165776,0.509346166632
EAVARIAFFIFIVQASLVVN,nCM,0.04,0.233163283333,0.0581993626378,0.0423147040786
GDFPSKAQHFDAIVLIIDHK,nCM,0.038,0.255306435373,0.0499919884634,0.0376143560458
GIALIVFNRNLDQLDFTATRDYHATTLI,nCM,0.036,0.250168499865,0.0417490074596,0.0336523604463
AITINSRFDVLIATGDEQKDNPIADWL,nCM,0.03,0.327197952505,0.016806423472,0.0206536980615
KGLDQASLNKLFFILIQEPALFHESLVS,nCM,0.026,0.269674461399,0.0,0.013